Workbook
Name _ftn1: 'Общие сведения'!$A$16
Name _ftnref1: 'Общие сведения'!$A$6
Name _ftn1: 'Сводные данные'!#REF!
Name _ftnref1: 'Сводные данные'!#REF!
Name _ftn1: '2'!#REF!
Name _ftnref1: '2'!#REF!
Name Excel_BuiltIn__FilterDatabase: '2'!#REF!
Name _ftn1: '3'!#REF!
Name _ftnref1: '3'!#REF!
Name Excel_BuiltIn__FilterDatabase: '3'!#REF!
Name _ftn1: '4'!#REF!
Name _ftnref1: '4'!#REF!
Name Excel_BuiltIn__FilterDatabase: '4'!#REF!
Name _ftn1: '5'!#REF!
Name _ftnref1: '5'!#REF!
Name Excel_BuiltIn__FilterDatabase: '5'!#REF!
Name _ftn1: Закл.!#REF!
Name _ftnref1: Закл.!#REF!

Sheet Тит. лист
A1: Министерство науки и высшего образования Российской Федерации
A2: Федеральное государственное бюджетное образовательное учреждение
A3: высшего образования
A4: «Тамбовский государственный технический университет»
A13: РАССМОТРЕНО | F13: УТВЕРЖДАЮ
A15: на заседании кафедры САПР | F15: Заведующий кафедрой САПР
A16: «30» августа 2025 г.
A17: протокол № 8 | F17: « 30» августа 2025 г.
A21: ИНДИВИДУАЛЬНЫЙ ПЛАН
A22: РАБОТЫ ПРЕПОДАВАТЕЛЯ
A24: Кафедры
A25: профессор
D29: наименование института/факультета
A31: Литовка
D32: фамилия, имя, отчество преподавателя
D35: наименование должности
A37: <god_group>
A42: Принял к исполнению:
D44: дата | G44: подпись
D48: город Тамбов
D49: 2025 год

Sheet Содержание
A1: Содержание
A3: ОБЩИЕ СВЕДЕНИЯ О ПРЕПОДАВАТЕЛЕ
A4: СВОДНЫЕ ДАННЫЕ ПО ВИДАМ РАБОТЫ
A5: 1. УЧЕБНАЯ РАБОТА
A6: 2. МЕТОДИЧЕСКАЯ РАБОТА
A7: 3. НАУЧНАЯ И ИССЛЕДОВАТЕЛЬСКАЯ РАБОТА
A8: 4. ОРГАНИЗАЦИОННАЯ И ВОСПИТАТЕЛЬНАЯ РАБОТА
A9: 5. ДОПОЛНИТЕЛЬНОЕ ПРОФЕССИОНАЛЬНОЕ ОБРАЗОВАНИЕ
A10: ИЗМЕНЕНИЯ, ВНОСИМЫЕ В ИНДИВИДУАЛЬНЫЙ ПЛАН РАБОТЫ В ПРОЦЕССЕ ЕГО ВЫПОЛНЕНИЯ
A11: ПОЯСНИТЕЛЬНЫЕ ЗАПИСИ ПРЕПОДАВАТЕЛЯ ПО ВЫПОЛНЕНИЮ ПЛАНА
A12: ЗАКЛЮЧЕНИЕ КАФЕДРЫ О ВЫПОЛНЕНИИ ИНДИВИДУАЛЬНОГО ПЛАНА
A13: Приложение № 1 - СВЕДЕНИЯ О ДОПОЛНИТЕЛЬНОМ ОБЪЕМЕ НАГРУЗКИ, В ТОМ ЧИСЛЕ ВЫПОЛНЯЕМОЙ НА УСЛОВИЯХ ПОЧАСОВОЙ ОПЛАТЫ

Sheet Общие сведения
A1: ОБЩИЕ СВЕДЕНИЯ О ПРЕПОДАВАТЕЛЕ
B2: Литовка
A3: профессор | D3: Литовка
A4: Должность | D4: профессор
A5: Размер ставки | D5: профессор
A6: УС | D6: профессор
A7: Ученая степень
A8: Ученое звание
A9: Сведения о контракте: | D9: профессор
B10: дата, номер | D10: профессор
B11: срок действия | D11: профессор
A12: Базовое образование** | D12: профессор
E13: (наименование образовательной организации, год окончания)
E16: (наименование образовательной программы)
D18: профессор
E19: (квалификация)
A21: Перечень преподаваемых дисциплин:
A22: 1. Геометрическое моделирование
A23: 2. Государственный экзамен
A24: 3. Промышленные системы сетевой обработки информации

Sheet Сводные данные
A1: СВОДНЫЕ ДАННЫЕ ПО ВИДАМ РАБОТЫ
A3: Наименование работ и видов деятельности | B3: Объем работы за 2025-2026 учебный год, часов
A5: УЧЕБНАЯ РАБОТА | B5: ='1.1. '!P65
A6: МЕТОДИЧЕСКАЯ РАБОТА | B6: ='2'!C3
A7: НАУЧНАЯ И ИССЛЕДОВАТЕЛЬСКАЯ РАБОТА | B7: ='3'!C3
A8: ОРГАНИЗАЦИОННАЯ И ВОСПИТАТЕЛЬНАЯ РАБОТА ДЕЯТЕЛЬНОСТЬ | B8: ='4'!C3
A9: ДОПОЛНИТЕЛЬНОЕ ПРОФЕССИОНАЛЬНОЕ ОБРАЗОВАНИЕ | B9: ='5'!C3
A10: Всего: | B10: =B5+B6+B7+B8+B9

Sheet 1.
A1: 1. УЧЕБНАЯ РАБОТА
A3: Условные обозначения:
A5: практика – | C5: руководство практикой (все типы и виды), включая проверку отчетов и прием зачетов;
A6: ВКР – | C6: руководство выпускной квалификационной работой обучающегося, нормоконтроль выпускной квалификационной работы;
A7: ГЭК – | C7: работа в составе Государственной экзаменационной комиссии

Sheet 1.1. 
A1: Наименование дисциплины согласно учебной нагрузке кафедры | C1: Группа | D1: Семестр | E1: Учебная работа, ч
E2: лекции | F2: практические занятия | G2: лабораторные работы | H2: консультации | I2: экзамены | J2: зачеты | K2: курсовые работы, курсовые проекты | L2: практика | M2: ВКР | N2: ГЭК | O2: дополнительная работа | P2: всего часов по плану | Q2: всего часов фактически
A5: а) осенний семестр
A6: Геометрическое моделирование | C6: БВТ | D6: 5 | E6: 32 | G6: 64 | H6: 2 | I6: 6 | P6: =SUM(E6:O6) | Q6: 104
A7: Промышленные системы сетевой обработки информации | C7: МВТ | D7: 3 | E7: 16 | G7: 32 | H7: 1 | I7: 2.6 | P7: =SUM(E7:O7) | Q7: 67.6
P8: =SUM(E8:O8)
P9: =SUM(E9:O9)
P10: =SUM(E10:O10)
P11: =SUM(E11:O11)
P12: =SUM(E12:O12)
P13: =SUM(E13:O13)
P14: =SUM(E14:O14)
P15: =SUM(E15:O15)
P16: =SUM(E16:O16)
P17: =SUM(E17:O17)
P18: =SUM(E18:O18)
P19: =SUM(E19:O19)
... P22: =SUM(E22:O22)
A23: Итого за семестр | E23: =SUM(E5:E22) | F23: =SUM(F5:F22) | G23: =SUM(G5:G22) | H23: =SUM(H5:H22) | I23: =SUM(I5:I22) | J23: =SUM(J5:J22) | K23: =SUM(K5:K22) | L23: =SUM(L5:L22) | ... O23: =SUM(O5:O22) | P23: =SUM(P6:P22) | Q23: 171.6
A24: Фактически выполнено за семестр
A25: б) весенний семестр
A26: Государственный экзамен | C26: БПИ | D26: 8 | N26: 7.2 | P26: =SUM(E26:O26) | Q26: 7.2
P27: =SUM(E27:O27)
P28: =SUM(E28:O28)
P29: =SUM(E29:O29)
P30: =SUM(E30:O30)
P31: =SUM(E31:O31)
P32: =SUM(E32:O32)
P33: =SUM(E33:O33)
P34: =SUM(E34:O34)
P35: =SUM(E35:O35)
P36: =SUM(E36:O36)
P37: =SUM(E37:O37)
P38: =SUM(E38:O38)
... P62: =SUM(E62:O62)
A63: Итого за семестр | E63: =SUM(E26:E62) | F63: =SUM(F26:F62) | G63: =SUM(G26:G62) | H63: =SUM(H26:H62) | I63: =SUM(I26:I62) | J63: =SUM(J26:J62) | K63: =SUM(K26:K62) | L63: =SUM(L26:L62) | ... P63: =SUM(P26:P62) | Q63: 7.2
A64: Фактически выполнено за семестр
A65: Итого за учебный год | E65: =E23+E63 | F65: =F23+F63 | G65: =G23+G63 | H65: =H23+H63 | I65: =I23+I63 | J65: =J23+J63 | K65: =K23+K63 | L65: =L23+L63 | ... P65: =P23+P63
A66: Фактически выполнено за учебный год

Sheet 2
A1: 2. МЕТОДИЧЕСКАЯ РАБОТА
A3: Общий объем планируемой работы за учебный год, часов | C3: 104
A4: Планируемые виды работы
A5: № п/п | B5: Наименование вида работы | C5: Отметка о выполнении
A6: 1 | B6: 2 | C6: 3
A8: 1 | B8: Подготовка к проведению лекционных занятий по новым предметам ("Нейронные сети")
B9: Подготовка к изданию учебного или учебно-методического пособия "Системный анализ, обработка данных и управление в приложениях искусственного интеллекта и виртуальной реальности"
A28: Планируемые результаты работы (в системе рейтинговых показателей преподавателя, а также целевых показателей реализации программы развития кафедры/университета)
A29: № п/п | B29: Наименование результата учебно-методической работы | C29: Отметка о выполнении
A30: 1 | B30: 2 | C30: 3
A31: 1 | B31: Издание учебного пособия "Методы обработки статистических данных"; авторы Конкина В.В., Обухов А.Д., Литовка Ю.В.
A32: 2 | B32: Учебные пособия с грифом ТГТУ и других вузов, 5 п.л. "СИСТЕМНЫЙ АНАЛИЗ, ОБРАБОТКА ДАННЫХ И УПРАВЛЕНИЕ В ПРИЛОЖЕНИЯХ ИСКУССТВЕННОГО ИНТЕЛЛЕКТА И ВИРТУАЛЬНОЙ РЕАЛЬНОСТИ"

Sheet 3
A1: 3. НАУЧНАЯ И ИССЛЕДОВАТЕЛЬСКАЯ РАБОТА
A3: Общий объем планируемой работы за учебный год, часов | C3: 478
A4: Планируемые виды работы
A5: № п/п | B5: Наименование вида работы | C5: Отметка о выполнении
A6: 1 | B6: 2 | C6: 4
A8: 1 | B8: Выполнение госбюджетной научно-исследовательской работы (государственного задания) «Разработка медицинских VR тренажерных систем для опорно-двигательной реабилитации с биологической обратной связью» (№124032800018-5).
A9: 2 | B9: Выполнение госбюджетной научно-исследовательской работы (государственного задания) «Разработка иммерсивной системы взаимодействия с виртуальной реальностью для профессиональной подготовки на основе всенаправленной платформы» (124102100628-3)
A10: 3 | B10: Грант РНФ № 22-71-10057 «Разработка и исследование методов, алгоритмов и программных средств перемещения и взаимодействия человека с виртуальной реальностью»
A11: 4 | B11: Работа в совете по защите кандидатских или докторских диссертаций.
A12: 5 | B12: Подготовка заключения по оппонированию докторской или кандидатской диссертации.
A13: 6 | B13: Написание и подготовка к изданию научных статей в журналах, индексируемых в базах не ниже РИНЦ
A14: 7 | B14: Формирование заявки на участие в конкурсах государственных и негосударственных научных и научно-технических фондов
A16: Планируемые результаты работы (в системе рейтинговых показателей преподавателя, а также целевых показателей реализации программы развития кафедры/университета)
A17: № п/п | B17: Наименование результата научно-исследовательской деятельности | C17: Отметка о выполнении
A18: 1 | B18: 2 | C18: 3
B19: Объем освоенных грантов за научные исследования или хоздоговорные работы в области науки (тыс.руб) - 2000
B20: Участие в работе диссертационных советов в качестве члена комиссии
B21: Количество заявок, поданных - на научно-исследовательские гранты и конкурсы - 4 заявки
B22: Количество:б) оппонируемых кандидатских диссертаций: 2 работы
B23: Статьи, опубликованные в научной периодике, в том числе: а) в журналах, включенных в актуальную версию «Белого списка, а также в ведущих рецензируемых научных изданиях, по соответствию тематики публикации категории предметной области: 7 работ:
B24: 1 Классификация двигательной активности человека на основе анализа мультисенсорных данных 2 Evaluation of Ergonomics in Human-Machine Interfaces of Professional Virtual Simulators 3 Method of Topological Skeletonization for Evaluation of Effectiveness of Medical Rehabilitation Based on Upper Limb Exoskeletons 4 A study on the impact of virtual reality on the level of pain 5 Development of Control Algorithms for an Adaptive Running Platform for a Musculoskeletal Rehabilitation System 6 Technology for Improving the Accuracy of Predicting the Position and Speed of Human Movement Based on Machine Learning Models 7 Development of a System for Recognising and Classifying Motor Activity to Control an Upper-Limb Exoskeleton

Sheet 4
A1: 4. ОРГАНИЗАЦИОННАЯ И ВОСПИТАТЕЛЬНАЯ РАБОТА
A3: Общий объем планируемой работы за учебный год, часов | C3: 60
A4: Планируемые виды работы
A5: № п/п | B5: Наименование вида работы | C5: Отметка о выполнении
A6: 1 | B6: 2 | C6: 5
A8: 1 | B8: Выполнение обязанностей куратора учебной группы очной формы обучения высшего образования
A9: 2 | B9: Участие в заседаниях кафедры
A28: Планируемые результаты работы (в системе рейтинговых показателей преподавателя, а также целевых показателей реализации программы развития кафедры/университета)
A29: № п/п | B29: Наименование результата организационной и воспитательной деятельности | C29: Отметка о выполнении
A30: 1 | B30: 2 | C30: 3
B31: Выполнение обязанностей: - куратора учебной группы очной формы обучения высшего образования БВТ 222

Sheet 5
A1: 5. ДОПОЛНИТЕЛЬНОЕ ПРОФЕССИОНАЛЬНОЕ ОБРАЗОВАНИЕ
A3: Общий объем планируемой работы за учебный год, часов | C3: 0
A4: Планируемые виды работы
A5: № п/п | B5: Наименование вида работы | C5: Отметка о выполнении
A6: 1 | B6: 2 | C6: 5
A28: Планируемые результаты работы (в системе рейтинговых показателей преподавателя, а также целевых показателей реализации программы развития кафедры/университета)
A29: № п/п | B29: Наименование результата работы по повышению квалификации | C29: Отметка о выполнении
A30: 1 | B30: 2 | C30: 3

Sheet 6.
A1: ИЗМЕНЕНИЯ, ВНОСИМЫЕ В ИНДИВИДУАЛЬНЫЙ ПЛАН РАБОТЫ ПРЕПОДАВАТЕЛЯ В ПРОЦЕССЕ ЕГО ВЫПОЛНЕНИЯ*
A45: * вносятся заведующим кафедрой

Sheet 7.
A1: ПОЯСНИТЕЛЬНЫЕ ЗАПИСИ ПРЕПОДАВАТЕЛЯ ПО ВЫПОЛНЕНИЮ ПЛАНА*
A45: * пояснения, больничные листы и другие записи, характеризующие выполнение/невыполнение плана

Sheet Закл.
A1: ЗАКЛЮЧЕНИЕ КАФЕДРЫ О ВЫПОЛНЕНИИ ИНДИВИДУАЛЬНОГО ПЛАНА
A3: Отчет преподавателя
A4: заслушан на заседании кафедры | B4: « | D4: » | F4: 20 | H4: г., протокол №
A6: Замечания
A15: Рекомендации
A24: Заключение о выполнении плана за 2025/2026 учебный год
A26: 1) По учебной работе:
A32: 2) По методической работе:
A38: 3) По научной и исследовательской работе
A44: 4) По организационной и воспитательной работе
A50: 4) По дополнительному профессиональному образованию
A59: Заведующий кафедрой
E60: (подпись) | H60: (дата)
A61: Ознакомлен:
A62: преподаватель
E63: (подпись) | H63: (дата)

Sheet Прил. 1 - Доп. объем
A1: Приложение № 1 к индивидуальному плану преподавателя Ххххххххх Х.Х. кафедры ХХХХ на 2025-2026 учебный год
A2: СВЕДЕНИЯ О ДОПОЛНИТЕЛЬНОМ ОБЪЕМЕ НАГРУЗКИ, В ТОМ ЧИСЛЕ ВЫПОЛНЯЕМОЙ НА УСЛОВИЯХ ПОЧАСОВОЙ ОПЛАТЫ
A4: Наименование дисциплины согласно учебной нагрузке кафедры | C4: Группа | D4: Семестр | E4: Учебная работа, ч
E5: лекции | F5: практические занятия | G5: лабораторные работы | H5: консультации | I5: экзамены | J5: зачеты | K5: курсовые работы, курсовые проекты | L5: практика | M5: ВКР | N5: ГЭК | O5: дополнительная работа | P5: всего часов по плану | Q5: всего часов фактически
A8: Геометрическое моделирование | C8: БВТ | D8: 5 | E8: 32 | G8: 64 | H8: 2 | I8: 6 | P8: =SUM(E8:O8)
A9: Промышленные системы сетевой обработки информации | C9: МВТ | D9: 3 | E9: 16 | G9: 32 | H9: 1 | I9: 2.6 | O9: 100 | P9: =SUM(E9:O9)
P10: =SUM(E10:O10)
P11: =SUM(E11:O11)
P12: =SUM(E12:O12)
P13: =SUM(E13:O13)
P14: =SUM(E14:O14)
P15: =SUM(E15:O15)
P16: =SUM(E16:O16)
P17: =SUM(E17:O17)
P18: =SUM(E18:O18)
A19: Итого | E19: =SUM(E8:E18) | F19: =SUM(F8:F18) | G19: =SUM(G8:G18) | H19: =SUM(H8:H18) | I19: =SUM(I8:I18) | J19: =SUM(J8:J18) | K19: =SUM(K8:K18) | L19: =SUM(L8:L18) | ... P19: =SUM(P8:P18)
A20: Фактически выполнено

Sheet Справочник
A1: Институты
A2: Институт автоматики и информационных технологий
A3: Институт архитектуры, строительства и транспорта
A4: Институт экономики и качества жизни
A5: Институт энергетики, приборостроения и радиоэлектроники
A6: Технологический институт
A7: Юридический институт
A8: Естественнонаучный и гуманитарный факультет
A9: Факультет международного образования
A11: Должности | C11: Условия привлечения
A12: ассистент | C12: штатный работник
A13: старший преподаватель | C13: внутренний совместитель
A14: доцент | C14: внешний совместитель
A15: профессор | C15: почасовая оплата труда
A16: заведующий кафедрой
A17: директор института
A18: декан факультета
A19: педагог дополнительного образования
A20: старший педагог дополнительного образования
A21: преподаватель
A22: мастер производственного обучения
A24: Кафедры
A25: Агроинженерия
A26: Архитектура и градостроительство
A27: Безопасность и правопорядок
A28: Биомедицинская техника
... A69: профессор
